{"cameraMode":{"drawMode":0,"name":"Shaded","section":"Shading Mode"},"sceneLighting":true,"audioPlay":false,"sceneViewState":{"showFog":true,"showMaterialUpdate":false,"showSkybox":true,"showFlares":true,"showImageEffects":true,"showParticleSystems":true},"in2DMode":false,"pivot":{"x":49.68296813964844,"y":7.787889003753662,"z":35.59602737426758},"rotation":{"x":-0.008063307963311673,"y":-0.3965103328227997,"z":-0.0032522063702344896,"w":0.9180801510810852},"size":6.110641956329346,"orthographic":false}